Kuerzel,Indikator,n_non_missing,n_missing,coverage_pct,min_year,max_year,official_name,main_dimension,sub_dimension,broad_dimension
TN23-kataster_qkm,Bodenfläche gesamt qkm,834,1,99.88,2023,2023,Katasterfläche in km²,Absolutzahlen,(no sub-dimension),Basic population and structural counts
a_G02_SUP_ANT,Nahversorgung Supermarkt/Discounter,834,1,99.88,2023,2023,Anteil Einwohner mit max. 1000m Entfernung zum nächsten Supermarkt oder Discounter,Erreichbarkeit,(no sub-dimension),"Health, services and accessibility"
a_Minijobs,Anteil Minijobs an den Beschäftigungsverhältnissen,834,1,99.88,2020,2023,Anteil der geringfügig entlohnten Beschäftigten am Arbeitsort an den privatrechtlichen Beschäftigungsverhältnissen in %,Beschäftigung und Erwerbstätigkeit,Beschäftigung und Erwerbstätigkeit - Atypische Beschäftigung,Labour market and employment
a_OEV20_ANT,Nahversorgung ÖV Haltestelle,834,1,99.88,2022,2022,Anteil Einwohner mit max. 1000m Entfernung zur nächsten Haltestelle des ÖV mit mind. 20 Abfahrten am Tag,Erreichbarkeit,(no sub-dimension),"Health, services and accessibility"
a_P01_PRIM_ANT,Nahversorgung Grundschule,834,1,99.88,2023,2023,Anteil Einwohner mit max. 1000m Entfernung zur nächsten Grundschule,Erreichbarkeit,(no sub-dimension),"Health, services and accessibility"
a_Q01_APO_ANT,Nahversorgung Apotheke,834,1,99.88,2023,2023,Anteil Einwohner mit max. 1000m Entfernung zur nächsten Apotheke,Erreichbarkeit,(no sub-dimension),"Health, services and accessibility"
a_Q07_HA_ANT,Nahversorgung Hausarzt,834,1,99.88,2023,2023,Anteil Einwohner mit max. 1000m Entfernung zur nächsten Hausarztpraxis,Erreichbarkeit,(no sub-dimension),"Health, services and accessibility"
a_aloLang,Langzeitarbeitslose,834,1,99.88,2021,2023,"Anteil der Arbeitslosen, 1 Jahr und länger arbeitslos, an den Arbeitslosen in %",Arbeitslosigkeit,Arbeitslosigkeit - Struktur,Labour market and employment
a_aloLang_f,Weibliche Langzeitarbeitslose,834,1,99.88,2007,2023,"Anteil der weiblichen Arbeitslosen, 1 Jahr und länger arbeitslos, an den weiblichen Arbeitslosen in %",Arbeitslosigkeit,Arbeitslosigkeit - Struktur,Labour market and employment
a_aloLang_m,Männliche Langzeitarbeitslose,834,1,99.88,2013,2023,"Anteil der männlichen Arbeitslosen, 1 Jahr und länger arbeitslos, an den männlichen Arbeitslosen in %",Arbeitslosigkeit,Arbeitslosigkeit - Struktur,Labour market and employment
a_alo_ausländer,Ausländische Arbeitslose,834,1,99.88,2021,2023,Anteil der ausländischen Arbeitslosen an den Arbeitslosen in %,Arbeitslosigkeit,Arbeitslosigkeit - Struktur,Labour market and employment
a_alo_ausländer_f,Ausländische weibliche Arbeitslose,834,1,99.88,2007,2023,Anteil der ausländischen weiblichen  Arbeitslosen an den weiblichen Arbeitslosen in %,Arbeitslosigkeit,Arbeitslosigkeit - Struktur,Labour market and employment
a_alo_ausländer_m,Ausländische männliche Arbeitslose,834,1,99.88,2013,2023,Anteil der ausländischen männlichen Arbeitslosen an den männlichen Arbeitslosen in %,Arbeitslosigkeit,Arbeitslosigkeit - Struktur,Labour market and employment
a_alo_experte,Arbeitslose mit Anforderungsniveau Experte,834,1,99.88,2021,2023,Anteil Arbeitslose Anforderungsniveau Experte an den Arbeitslosen in %,Arbeitslosigkeit,Arbeitslosigkeit - Struktur,Labour market and employment
a_alo_f,Arbeitslose Frauen,834,1,99.88,2021,2023,Anteil der arbeitslosen Frauen an den Arbeitslosen in %,Arbeitslosigkeit,Arbeitslosigkeit - Allgemein,Labour market and employment
a_alo_fachkraft,Arbeitslose mit Anforderungsniveau Fachkraft,834,1,99.88,2021,2023,Anteil Arbeitslose Anforderungsniveau Fachkraft an den Arbeitslosen in %,Arbeitslosigkeit,Arbeitslosigkeit - Struktur,Labour market and employment
a_alo_helfer,Arbeitslose mit Anforderungsniveau Helfer,834,1,99.88,2021,2023,Anteil Arbeitslose Anforderungsniveau Helfer an den Arbeitslosen in %,Arbeitslosigkeit,Arbeitslosigkeit - Struktur,Labour market and employment
a_alo_m,Arbeitslose Männer,834,1,99.88,2021,2023,Anteil der arbeitslosen Männer an den Arbeitslosen in %,Arbeitslosigkeit,Arbeitslosigkeit - Allgemein,Labour market and employment
a_alo_oAusb,Arbeitslose ohne Ausbildung,834,1,99.88,2021,2023,Anteil der Arbeitslosen ohne Berufsausbildung an den Arbeitslosen in %,Arbeitslosigkeit,Arbeitslosigkeit - Struktur,Labour market and employment
a_alo_spezialist,Arbeitslose mit Anforderungsniveau Spezialist,834,1,99.88,2021,2023,Anteil Arbeitslose Anforderungsniveau Spezialist an den Arbeitslosen in %,Arbeitslosigkeit,Arbeitslosigkeit - Struktur,Labour market and employment
a_alo_u25,Anteil jüngere Arbeitslose,834,1,99.88,2021,2023,Anteil der Arbeitslosen unter 25 Jahren an den Arbeitslosen in %,Arbeitslosigkeit,Arbeitslosigkeit - Altersgruppen,Labour market and employment
a_alo_u25_f,Anteil weibliche jüngere Arbeitslose,834,1,99.88,2007,2023,Anteil der weiblichen Arbeitslosen unter 25 Jahren an den weiblichen Arbeitslosen in %,Arbeitslosigkeit,Arbeitslosigkeit - Altersgruppen,Labour market and employment
a_alo_u25_m,Anteil männliche jüngere Arbeitslose,834,1,99.88,2013,2023,Anteil der männlichen Arbeitslosen unter 25 Jahren an den männlichen Arbeitslosen in %,Arbeitslosigkeit,Arbeitslosigkeit - Altersgruppen,Labour market and employment
a_alo_ü55,Anteil ältere Arbeitslose,834,1,99.88,2021,2023,Anteil der Arbeitslosen 55 Jahre und älter an den Arbeitslosen in %,Arbeitslosigkeit,Arbeitslosigkeit - Altersgruppen,Labour market and employment
a_alo_ü55_f,Anteil weibliche ältere Arbeitslose,834,1,99.88,2007,2023,Anteil der weiblichen Arbeitslosen 55 Jahre und älter an den weiblichen Arbeitslosen in %,Arbeitslosigkeit,Arbeitslosigkeit - Altersgruppen,Labour market and employment
a_alo_ü55_m,Anteil männliche ältere Arbeitslose,834,1,99.88,2013,2023,Anteil der männlichen Arbeitslosen 55 Jahre und älter an den männlichen Arbeitslosen in %,Arbeitslosigkeit,Arbeitslosigkeit - Altersgruppen,Labour market and employment
a_ausp_svw,Auspendler,834,1,99.88,2023,2023,Anteil der Auspendler an den SV Beschäftigten am Wohnort in %,Erreichbarkeit,Verkehr und Erreichbarkeit - Pendler,"Health, services and accessibility"
a_bb_1000Mbits,Bandbreitenverfügbarkeit mindestens 1.000 Mbit/s,834,1,99.88,2022,2023,Anteil der Haushalte mit einer Bandbreitenverfügbarkeit (leitungsgebunden) mit mindestens 1.000 Mbit/s in %,Erreichbarkeit,(no sub-dimension),"Health, services and accessibility"
a_bb_100Mbits,Bandbreitenverfügbarkeit mindestens 100 Mbit/s,834,1,99.88,2023,2023,Anteil der Haushalte mit einer Bandbreitenverfügbarkeit (leitungsgebunden) mit mindestens 100 Mbit/s in %,Erreichbarkeit,(no sub-dimension),"Health, services and accessibility"
a_bb_4G,Arbeitslosigkeit,834,1,99.88,2023,2023,Anteil der Haushalte mit einer 4G-Mobilfunkversorgung in %,Erreichbarkeit,Digitale Erreichbarkeit,"Health, services and accessibility"
a_bb_50Mbits,Bandbreitenverfügbarkeit mindestens 50 Mbit/s,834,1,99.88,2023,2023,Anteil der Haushalte mit einer Bandbreitenverfügbarkeit (leitungsgebunden) mit mindestens 50 Mbit/s in %,Erreichbarkeit,(no sub-dimension),"Health, services and accessibility"
a_bev0003,Einwohner unter 3 Jahren,834,1,99.88,2023,2023,Anteil der Einwohner unter 3 Jahren an den Einwohnern in %,Bevölkerung,Bevölkerung – Altersstruktur,Demography and household structure
a_bev0306,Einwohner von 3 bis unter 6 Jahren,834,1,99.88,2023,2023,Anteil der Einwohner von 3 bis unter 6 Jahren an den Einwohnern in %,Bevölkerung,Bevölkerung – Altersstruktur,Demography and household structure
a_bev0618,Einwohner von 6 bis unter 18 Jahren,834,1,99.88,2023,2023,Anteil der Einwohner von 6 bis unter 18 Jahren an den Einwohnern in %,Bevölkerung,Bevölkerung – Altersstruktur,Demography and household structure
a_bev1825,Einwohner von 18 bis unter 25 Jahren,834,1,99.88,2023,2023,Anteil der Einwohner von 18 bis unter 25 Jahren an den Einwohnern in %,Bevölkerung,Bevölkerung – Altersstruktur,Demography and household structure
a_bev1825_f,"Einwohner von 18 bis unter 25 Jahren, Frauen",834,1,99.88,2022,2023,Anteil der weiblichen Einwohner von 18 bis unter 25 Jahren an den Einwohnern dieser Altersgruppe in %,Bevölkerung,Bevölkerung – Altersstruktur,Demography and household structure
a_bev2530,Einwohner von 25 bis unter 30 Jahren,834,1,99.88,2023,2023,Anteil der Einwohner von 25 bis unter 30 Jahren an den Einwohnern in %,Bevölkerung,Bevölkerung – Altersstruktur,Demography and household structure
a_bev2530_f,"Einwohner von 25 bis unter 30 Jahren, Frauen",834,1,99.88,2022,2023,Anteil der weiblichen Einwohner von 25 bis unter 30 Jahren an den Einwohnern dieser Altersgruppe in %,Bevölkerung,Bevölkerung – Altersstruktur,Demography and household structure
a_bev3050,Einwohner von 30 bis unter 50 Jahren,834,1,99.88,2023,2023,Anteil der Einwohner von 30 bis unter 50 Jahren an den Einwohnern in %,Bevölkerung,Bevölkerung – Altersstruktur,Demography and household structure
a_bev5065,Einwohner von 50 bis unter 65 Jahren,834,1,99.88,2023,2023,Anteil der Einwohner von 50 bis unter 65 Jahren an den Einwohnern in %,Bevölkerung,Bevölkerung – Altersstruktur,Demography and household structure
a_bev6575,Einwohner von 65 bis unter 75 Jahren,834,1,99.88,2023,2023,Anteil der Einwohner von 65 bis unter 75 Jahren an den Einwohnern in %,Bevölkerung,Bevölkerung – Altersstruktur,Demography and household structure
a_bev6575_f,"Einwohner von 65 bis unter 75 Jahren, Frauen",834,1,99.88,2023,2023,Anteil der weiblichen Einwohner von 65 bis unter 75 Jahren an den Einwohnern dieser Altersgruppe in %,Bevölkerung,Bevölkerung – Altersstruktur,Demography and household structure
a_bev65um,Einwohner 65 Jahre und älter,834,1,99.88,2023,2023,Anteil der Einwohner 65 Jahre und älter an den Einwohnern in %,Bevölkerung,Bevölkerung – Altersstruktur,Demography and household structure
a_bev65um_f,"Einwohner 65 Jahre und älter, Frauen",834,1,99.88,2023,2023,Anteil der weiblichen Einwohner 65 Jahre und älter an den Einwohnern dieser Altersgruppe in %,Bevölkerung,Bevölkerung – Altersstruktur,Demography and household structure
a_bev75um,Einwohner 75 Jahre und älter,834,1,99.88,2023,2023,Anteil der Einwohner 75 Jahre und älter an den Einwohnern in %,Bevölkerung,Bevölkerung – Altersstruktur,Demography and household structure
a_bev75um_f,"Einwohner 75 Jahre und älter, Frauen",834,1,99.88,2023,2023,Anteil der weiblichen Einwohner 75 Jahre und älter an den Einwohnern dieser Altersgruppe in %,Bevölkerung,Bevölkerung – Altersstruktur,Demography and household structure
a_bevMZ,Bevölkerung in Mittelzentren,834,1,99.88,2023,2023,"Bevölkerungsanteil, der in Mittelzentren und möglichen Mittelzentren lebt",Siedlungsstruktur,(no sub-dimension),Demography and household structure
a_bevOZ,Bevölkerung in Oberzentren,834,1,99.88,2023,2023,"Bevölkerungsanteil, der in Oberzentren und möglichen Oberzentren lebt",Siedlungsstruktur,(no sub-dimension),Demography and household structure
a_bev_0006,Einwohner unter 6 Jahre,834,1,99.88,2023,2023,Anteil der Einwohner unter 6 Jahren an den Einwohnern in %,Bevölkerung,Bevölkerung – Altersstruktur,Demography and household structure
a_bevd150_,Ländlichkeit,834,1,99.88,2023,2023,Anteil der Einwohner in Gemeinden mit einer Bevölkerungsdichte von unter 150 E/km²,Siedlungsstruktur,(no sub-dimension),Demography and household structure
a_bevf,Frauenanteil,834,1,99.88,2023,2023,Anteil der Frauen an den Einwohnern in %,Bevölkerung,Bevölkerung – Bevölkerungsstruktur,Demography and household structure
a_bevf_2040,Frauenanteil 20 bis unter 40 Jahre,834,1,99.88,2023,2023,Anteil der Frauen an den Einwohnern von 20 bis unter 40 Jahren in %,Bevölkerung,Bevölkerung – Bevölkerungsstruktur,Demography and household structure
a_einp_sva,Einpendler,834,1,99.88,2012,2023,Anteil der Einpendler an den SV Beschäftigten am Arbeitsort in %,Erreichbarkeit,Verkehr und Erreichbarkeit - Pendler,"Health, services and accessibility"
a_erh,Erholungsfläche,834,1,99.88,2023,2023,Anteil Erholungsfläche an der Fläche in %,Flächennutzung,(no sub-dimension),Housing and land-use context
a_fert_wohn,Fertiggestellte Wohnungen je Wohnung im Bestand,834,1,99.88,2023,2023,Fertiggestellte Wohnungen je 1.000 Wohnungen des Bestandes,Bauen und Wohnen,Bauen und Wohnen - Baulandmarkt und Bautätigkeit,Housing and land-use context
a_freifläche,Freifläche,834,1,99.88,2023,2023,Anteil Freifläche an der Fläche in %,Flächennutzung,(no sub-dimension),Housing and land-use context
a_gb_Frauen,Anteil Minijobs (Frauen),834,1,99.88,2020,2023,Anteil der geringfügig entlohnten weiblichen Beschäftigten an den geringfügig entlohnten Beschäftigten am Arbeitsort in %,Beschäftigung und Erwerbstätigkeit,Beschäftigung und Erwerbstätigkeit - Atypische Beschäftigung,Labour market and employment
a_gb_Männer,Anteil Minijobs (Männer),834,1,99.88,2020,2023,Anteil der geringfügig entlohnten männlichen Beschäftigten an den geringfügig entlohnten Beschäftigten in %,Beschäftigung und Erwerbstätigkeit,Beschäftigung und Erwerbstätigkeit - Atypische Beschäftigung,Labour market and employment
a_gb_knj,Anteil Minijobs (ausschließlich) an geringfügig Beschäftigten,834,1,99.88,2020,2023,Anteil der geringfügig entlohnten Beschäftigten am Arbeitsort (ausschließlich) an den geringfügig entlohnten Beschäftigten in %,Beschäftigung und Erwerbstätigkeit,Beschäftigung und Erwerbstätigkeit - Atypische Beschäftigung,Labour market and employment
a_gb_knj_prBv,Anteil Minijobs (ausschließlich) an den Beschäftigungsverhältnissen,834,1,99.88,2020,2023,Anteil der geringfügig entlohnten Beschäftigten am Arbeitsort (ausschließlich) an den privatrechtlichen Beschäftigungsverhältnissen in %,Beschäftigung und Erwerbstätigkeit,Beschäftigung und Erwerbstätigkeit - Atypische Beschäftigung,Labour market and employment
a_gb_nj,Anteil Minijobs (Nebenverdienst),834,1,99.88,2020,2023,Anteil der geringfügig entlohnten Beschäftigten im Nebenjob an den geringfügig entlohnten Beschäftigten in %,Beschäftigung und Erwerbstätigkeit,Beschäftigung und Erwerbstätigkeit - Atypische Beschäftigung,Labour market and employment
a_gb_nj_prBv,Anteil Minijobs (Nebenverdienst) an den Beschäftigungsverhältnissen,834,1,99.88,2020,2023,Anteil der geringfügig entlohnten Beschäftigten am Arbeitsort im Nebenjob an den privatrechtlichen Beschäftigungsverhältnissen in %,Beschäftigung und Erwerbstätigkeit,Beschäftigung und Erwerbstätigkeit - Atypische Beschäftigung,Labour market and employment
a_geb_bev,Geborene,834,1,99.88,2021,2022,Geborene je 1.000 Einwohner,Bevölkerung,Bevölkerung - Natürliche Bevölkerungsbewegungen,Demography and household structure
a_gest_bev,Gestorbene,834,1,99.88,2023,2023,Gestorbene je 1.000 Einwohner,Bevölkerung,Bevölkerung - Natürliche Bevölkerungsbewegungen,Demography and household structure
a_hh_kind,Haushalte mit Kindern,834,1,99.88,2023,2023,Anteil der Haushalte mit Kindern an allen Haushalten in %,Bevölkerung,Bevölkerung – Bevölkerungsstruktur,Demography and household structure
a_hheink_hoch,Haushalte mit hohem Einkommen,834,1,99.88,2023,2023,Anteil der Haushalte mit einem Nettoeinkommen von über 3.600€ pro Monat an den Haushalten insgesamt in %,Privateinkommen und private Schulden,(no sub-dimension),"Income, deprivation and social transfers"
a_hheink_mittel,Haushalte mit mittlerem Einkommen,834,1,99.88,2023,2023,Anteil der Haushalte mit einem Nettoeinkommen zwischen 1.500€ und 3.600€ pro Monat an den Haushalten insgesamt in %,Privateinkommen und private Schulden,(no sub-dimension),"Income, deprivation and social transfers"
a_hheink_niedrig,Haushalte mit niedrigem Einkommen,834,1,99.88,2023,2023,Anteil der Haushalte mit einem Nettoeinkommen von unter 1.500€ pro Monat an den Haushalten insgesamt in %,Privateinkommen und private Schulden,(no sub-dimension),"Income, deprivation and social transfers"
a_landwirtschaft,Landwirtschaftsfläche,834,1,99.88,2023,2023,Anteil Landwirtschaftsfläche an der Fläche in %,Flächennutzung,(no sub-dimension),Housing and land-use context
a_naturnah,Naturnähere Fläche,834,1,99.88,2023,2023,Anteil naturnähere Fläche an der Fläche in %,Flächennutzung,(no sub-dimension),Housing and land-use context
a_pend150,Pendler mit Arbeitsweg 150 km und mehr,834,1,99.88,2023,2023,Anteil der SV Beschäftigten mit einem Arbeitsweg von 150 km und mehr am Wohnort in %,Erreichbarkeit,Verkehr und Erreichbarkeit - Pendler,"Health, services and accessibility"
a_pend300,Pendler mit Arbeitsweg 300 km und mehr,834,1,99.88,2023,2023,Anteil der SV Beschäftigten mit einem Arbeitsweg von 300 km und mehr am Wohnort in %,Erreichbarkeit,Verkehr und Erreichbarkeit - Pendler,"Health, services and accessibility"
a_pend50,Pendler mit Arbeitsweg 50 km und mehr,834,1,99.88,2023,2023,Anteil der SV Beschäftigten mit einem Arbeitsweg von 50 km und mehr am Wohnort in %,Erreichbarkeit,Verkehr und Erreichbarkeit - Pendler,"Health, services and accessibility"
a_suv_fl,Siedlungs- und Verkehrsfläche,834,1,99.88,2023,2023,Anteil der Siedlungs- und Verkehrsfläche an der Fläche in %,Flächennutzung,(no sub-dimension),Housing and land-use context
a_wald,Waldfläche,834,1,99.88,2023,2023,Anteil Waldfläche an der Fläche in %,Flächennutzung,(no sub-dimension),Housing and land-use context
a_wasser,Wasserfläche,834,1,99.88,2023,2023,Anteil Wasserfläche an der Fläche in %,Flächennutzung,(no sub-dimension),Housing and land-use context
a_wg_wo12,Ein- und Zweifamilienhäuser,834,1,99.88,2023,2023,Anteil der Wohngebäude mit 1 und 2 Wohnungen an den Wohngebäuden in %,Bauen und Wohnen,Bauen und Wohnen - Gebäude- und Wohnungsbestand,Housing and land-use context
a_wg_wo3um,Mehrfamilienhäuser,834,1,99.88,2023,2023,Anteil der Wohngebäude mit 3 und mehr Wohnungen an den Wohngebäuden in %,Bauen und Wohnen,Bauen und Wohnen - Gebäude- und Wohnungsbestand,Housing and land-use context
a_wo_r12,Ein- und Zweiraumwohnungen,834,1,99.88,2023,2023,Anteil der Wohnungen mit 1 und 2 Räumen an den Wohnungen in %,Bauen und Wohnen,Bauen und Wohnen - Gebäude- und Wohnungsbestand,Housing and land-use context
a_wo_r5um,5- und mehr Raum-Wohnungen,834,1,99.88,2023,2023,Anteil der Wohnungen mit 5 und mehr Räumen in %,Bauen und Wohnen,Bauen und Wohnen - Gebäude- und Wohnungsbestand,Housing and land-use context
a_wo_wg12,Wohnungen in Ein- und Zweifamilienhäusern,834,1,99.88,2023,2023,Anteil Wohnungen in Ein- und Zweifamilienhäusern an allen Wohnungen in %,Bauen und Wohnen,Bauen und Wohnen - Gebäude- und Wohnungsbestand,Housing and land-use context
a_wo_wg3um,Wohnungen in Mehrfamilienhäusern,834,1,99.88,2023,2023,Anteil Wohnungen in Mehrfamilienhäusern an allen Wohnungen in %,Bauen und Wohnen,Bauen und Wohnen - Gebäude- und Wohnungsbestand,Housing and land-use context
alo,Arbeitslose,834,1,99.88,2023,2023,Zahl der Arbeitslosen insgesamt,Absolutzahlen,(no sub-dimension),Basic population and structural counts
bev_korr,Bevölkerung (mit BBSR-Zensuskorrekturen),834,1,99.88,2023,2023,Zensuskorrigierte Zahl der Einwohner insgesamt,Absolutzahlen,(no sub-dimension),Basic population and structural counts
d_steuereinnahme,Steuereinnahmen,834,1,99.88,2023,2023,Steuereinnahmen der Gemeinden und Gemeindeverbände in Euro je Einwohner,Öffentliche Finanzen,(no sub-dimension),"Income, deprivation and social transfers"
e10_bev,Bevölkerungsentwicklung (10 Jahre),834,1,99.88,2023,2023,Entwicklung der Zahl der Einwohner über die letzten 10 Jahre in %,Bevölkerung,Bevölkerung – Bevölkerungsstruktur,Demography and household structure
e5_bev,Bevölkerungsentwicklung (5 Jahre),834,1,99.88,2023,2023,Entwicklung der Zahl der Einwohner über die letzten 5 Jahre in %,Bevölkerung,Bevölkerung – Bevölkerungsstruktur,Demography and household structure
ewf_1565_ges,Erwerbsfähige Bevölkerung (15 bis unter 65 Jahre),834,1,99.88,2023,2023,Zahl der Einwohner im Alter von 15 bis unter 65 Jahren,Absolutzahlen,(no sub-dimension),Basic population and structural counts
i_fz_mz,Erreichbarkeit von Mittelzentren,834,1,99.88,2021,2021,Durchschn. Pkw-Fahrzeit zum nächsten Mittel- oder Oberzentrum in Minuten,Erreichbarkeit,(no sub-dimension),"Health, services and accessibility"
i_fz_oz,Erreichbarkeit von Oberzentren,834,1,99.88,2021,2021,Durchschn. Pkw-Fahrzeit zum nächsten Oberzentrum in Minuten,Erreichbarkeit,(no sub-dimension),"Health, services and accessibility"
i_saldo_nat,Natürlicher Saldo,834,1,99.88,2021,2022,Natürlicher Saldo je 1.000 Einwohner,Bevölkerung,Bevölkerung - Natürliche Bevölkerungsbewegungen,Demography and household structure
i_wans,Gesamtwanderungssaldo,834,1,99.88,2023,2023,Gesamtwanderungssaldo je 1.000 Einwohner,Bevölkerung,Bevölkerung – Wanderungen,Demography and household structure
m_ErrAir_bev,Erreichbarkeit von Flughäfen,834,1,99.88,2024,2024,Durchschn. Pkw-Fahrzeit zum nächsten internationalen Flughafen in Deutschland in Minuten,Erreichbarkeit,(no sub-dimension),"Health, services and accessibility"
m_ErrBAB_bev,Erreichbarkeit von Autobahnen,834,1,99.88,2024,2024,Durchschn. Pkw-Fahrzeit zur nächsten BAB-Anschlussstelle in Minuten,Erreichbarkeit,(no sub-dimension),"Health, services and accessibility"
m_ErrIC_bev,Erreichbarkeit von IC/EC/ICE-Bahnhöfen,834,1,99.88,2024,2024,Durchschn. Pkw-Fahrzeit zum nächsten IC/ICE-Bahnhof in Minuten,Erreichbarkeit,(no sub-dimension),"Health, services and accessibility"
m_G02_SUP_DIST,Entfernung zum Supermarkt/Discounter,834,1,99.88,2023,2023,Einwohnergewichtete Entfernung zum nächsten Supermarkt oder Discounter,Erreichbarkeit,(no sub-dimension),"Health, services and accessibility"
m_OEV20_DIST,Entfernung zur ÖV Haltestelle,834,1,99.88,2022,2022,Einwohnergewichtete Entfernung zur nächsten Haltestelle des ÖV mit mind. 20 Abfahrten am Tag,Erreichbarkeit,(no sub-dimension),"Health, services and accessibility"
m_P01_PRIM_DIST,Entfernung zur Grundschule,834,1,99.88,2023,2023,Einwohnergewichtete Entfernung zur nächsten Grundschule,Erreichbarkeit,(no sub-dimension),"Health, services and accessibility"
m_Q01_APO_DIST,Entfernung zur Apotheke,834,1,99.88,2023,2023,Einwohnergewichtete Entfernung zur nächsten Apotheke,Erreichbarkeit,(no sub-dimension),"Health, services and accessibility"
m_Q07_HA_DIST,Entfernung zum Hausarzt,834,1,99.88,2023,2023,Einwohnergewichtete Entfernung zur nächsten Hausarztpraxis,Erreichbarkeit,(no sub-dimension),"Health, services and accessibility"
m_bev_alter,Durchschnittsalter der Bevölkerung,834,1,99.88,2023,2023,Durchschnittsalter der Bevölkerung in Jahren,Bevölkerung,Bevölkerung – Altersstruktur,Demography and household structure
q_HH,Haushaltsgröße,834,1,99.88,2023,2023,Personen je Haushalt,Bevölkerung,Bevölkerung – Bevölkerungsstruktur,Demography and household structure
q_HH1,Einpersonenhaushalte,834,1,99.88,2023,2023,Anteil der Einpersonenhaushalte an den Haushalten insgesamt in %,Bevölkerung,Bevölkerung – Bevölkerungsstruktur,Demography and household structure
q_PBG_bev,Personen in Bedarfsgemeinschaften,834,1,99.88,2022,2022,Personen in Bedarfsgemeinschaften je 1.000 Einwohner,Sozialleistungen,Sozialleistungen – Bedarfsgemeinschaften,"Income, deprivation and social transfers"
q_abhg_alt,Abhängigenquote Alte,834,1,99.88,2023,2023,Einwohner 65 Jahre und älter je 100 Einwohner im erwerbsfähigen Alter,Bevölkerung,Bevölkerung – Bevölkerungsstruktur,Demography and household structure
q_abhg_jung,Abhängigenquote Junge,834,1,99.88,2023,2023,Einwohner unter 15 Jahren je 100 Einwohner im erwerbsfähigen Alter,Bevölkerung,Bevölkerung – Bevölkerungsstruktur,Demography and household structure
q_allgemeinärzte_bev,Allgemeinärzte,834,1,99.88,2022,2022,Allgemeinärzte je 10.000 Einwohner,Medizinische Versorgung,(no sub-dimension),"Health, services and accessibility"
q_alo_u25_einw,Jüngere Arbeitslose,834,1,99.88,2023,2023,Anteil der Arbeitslosen unter 25 Jahren an Einwohnern von 15 bis unter 25 Jahren in %,Arbeitslosigkeit,Arbeitslosigkeit - Altersgruppen,Labour market and employment
q_alo_u25_einw_f,Weibliche jüngere Arbeitslose,834,1,99.88,2016,2023,Anteil der weiblichen Arbeitslosen unter 25 Jahren an weiblichen Einwohnern von 15 bis unter 25 Jahren in %,Arbeitslosigkeit,Arbeitslosigkeit - Altersgruppen,Labour market and employment
q_alo_u25_einw_m,Männliche jüngere Arbeitslose,834,1,99.88,2023,2023,Anteil der männlichen Arbeitslosen unter 25 Jahren an männlichen Einwohnern von 15 bis unter 25 Jahren in %,Arbeitslosigkeit,Arbeitslosigkeit - Altersgruppen,Labour market and employment
q_alo_ü55_einw,Ältere Arbeitslose,834,1,99.88,2023,2023,Anteil der Arbeitslosen 55 Jahre und älter an Einwohnern von 55 bis unter 65 Jahren in %,Arbeitslosigkeit,Arbeitslosigkeit - Altersgruppen,Labour market and employment
q_alo_ü55_einw_f,Weibliche ältere Arbeitslose,834,1,99.88,2023,2023,Anteil der weiblichen Arbeitslosen 55 Jahre und älter an weiblichen Einwohnern von 55 bis unter 65 Jahren in %,Arbeitslosigkeit,Arbeitslosigkeit - Altersgruppen,Labour market and employment
q_alo_ü55_einw_m,Männliche ältere Arbeitslose,834,1,99.88,2023,2023,Anteil der männlichen Arbeitslosen 55 Jahre und älter an männlichen Einwohnern von 55 bis unter 65 Jahren in %,Arbeitslosigkeit,Arbeitslosigkeit - Altersgruppen,Labour market and employment
q_bev_fl,Einwohnerdichte,834,1,99.88,2023,2023,Einwohner je km²,Siedlungsstruktur,(no sub-dimension),Demography and household structure
q_bevsva_qkm,Einwohner-Arbeitsplatz-Dichte,834,1,99.88,2022,2023,Einwohner und Beschäftigte je km²,Siedlungsstruktur,(no sub-dimension),Demography and household structure
q_einkst_bev,Einkommensteuer,834,1,99.88,2023,2023,Einkommensteuer in € je Einwohner,Öffentliche Finanzen,(no sub-dimension),"Income, deprivation and social transfers"
q_einzelhandelskaufkraft,Einzelhandelsrelevante Kaufkraft,834,1,99.88,2023,2023,Einzelhandelsrelevante Kaufkraft je Einwohner in Euro,Privateinkommen und private Schulden,(no sub-dimension),"Income, deprivation and social transfers"
q_erhfl_bev,Erholungsfläche je Einwohner,834,1,99.88,2023,2023,Erholungsfläche je Einwohner in m²,Flächennutzung,(no sub-dimension),Housing and land-use context
q_ew_suv_qkm,Siedlungsdichte in km²,834,1,99.88,2023,2023,Einwohner je km² Siedlungs- und Verkehrsfläche,Flächennutzung,(no sub-dimension),Housing and land-use context
q_fert_wo12_bev,Neubauwohnungen in Ein- und Zweifamilienhäusern je Einwohner,834,1,99.88,2023,2023,Fertiggestellte Wohnungen in neuen Ein- und Zweifamilienhäusern je 1.000 Einwohner,Bauen und Wohnen,Bauen und Wohnen - Baulandmarkt und Bautätigkeit,Housing and land-use context
q_fert_wo3um_bev,Neubauwohnungen in Mehrfamilienhäusern je Einwohner,834,1,99.88,2023,2023,Fertiggestellte Wohnungen in neuen Mehrfamilienhäusern je 1.000 Einwohner,Bauen und Wohnen,Bauen und Wohnen - Baulandmarkt und Bautätigkeit,Housing and land-use context
q_fert_wo_bev,Neubauwohnungen je Einwohner,834,1,99.88,2023,2023,Fertiggestellte Wohnungen in neuen Wohngebäuden je 1.000 Einwohner,Bauen und Wohnen,Bauen und Wohnen - Baulandmarkt und Bautätigkeit,Housing and land-use context
q_freifläche_bev,Freifläche je Einwohner,834,1,99.88,2023,2023,Freifläche je Einwohner in m²,Flächennutzung,(no sub-dimension),Housing and land-use context
q_gen_wo_ew,Baugenehmigungen für Wohnungenje Einwohner,834,1,99.88,2023,2023,Baugenehmigungen für neue Wohnungen je 1.000 Einwohner,Bauen und Wohnen,Bauen und Wohnen - Baulandmarkt und Bautätigkeit,Housing and land-use context
q_gest_bev,Steuerkraft,834,1,99.88,2023,2023,Gemeindliche Steuerkraft in € je Einwohner,Öffentliche Finanzen,(no sub-dimension),"Income, deprivation and social transfers"
q_gewst_bev,Gewerbesteuer,834,1,99.88,2023,2023,Gewerbesteuer in € je Einwohner,Öffentliche Finanzen,(no sub-dimension),"Income, deprivation and social transfers"
q_hausarzt_bev,Hausärzte,834,1,99.88,2022,2022,Hausärzte je 10.000 Einwohner,Medizinische Versorgung,(no sub-dimension),"Health, services and accessibility"
q_internist_bev,Internisten,834,1,99.88,2022,2022,Internisten je 10.000 Einwohner,Medizinische Versorgung,(no sub-dimension),"Health, services and accessibility"
q_kaufkraft,Kaufkraft,834,1,99.88,2023,2023,Kaufkraft je Einwohner in Euro,Privateinkommen und private Schulden,(no sub-dimension),"Income, deprivation and social transfers"
q_kinderarzt_kinder,Kinderärzte,834,1,99.88,2022,2022,Kinderärzte je 10.000 Kinder bis zu 15 Jahren,Medizinische Versorgung,(no sub-dimension),"Health, services and accessibility"
q_naturnah_bev,Naturnähere Fläche je Einwohner,834,1,99.88,2023,2023,Naturnähere Fläche je Einwohner in m²,Flächennutzung,(no sub-dimension),Housing and land-use context
q_newfBGu15_bev,Kinderarmut,834,1,99.88,2022,2022,Nicht erwerbsfähige SGBII-Leistungsberechtigte unter 15 Jahren je 100 Einwohner unter 15 Jahren,Sozialleistungen,Sozialleistungen – Bedarfsgemeinschaften,"Income, deprivation and social transfers"
q_pendlersaldo,Pendlersaldo,834,1,99.88,2012,2023,Pendlersaldo je 100 SV Beschäftigte am Arbeitsort,Erreichbarkeit,Verkehr und Erreichbarkeit - Pendler,"Health, services and accessibility"
q_schlafg_bev,Schlafgelegenheiten in Beherbergungsbetrieben,834,1,99.88,2021,2023,Schlafgelegenheiten in Beherbergungsbetrieben je 1.000 Einwohner,Wirtschaft,Wirtschaft – Fremdenverkehr,Economic structure and tourism
q_stud,Studierende,834,1,99.88,2023,2023,Studierende an wissenschaftlichen Hochschulen und Fachhochschulen je 1.000 Einwohner,Bildung,Bildung – Ausbildungsangebot,Education
q_stud_1825,Studierende je 100 Einwohner 18 bis 25 Jahre,834,1,99.88,2022,2023,Studierende je 100 Einwohner von 18 bis unter 25 Jahren in %,Bildung,Bildung – Ausbildungsangebot,Education
q_stud_fh,Studierende an FH,834,1,99.88,2023,2023,Studierende an Fachhochschulen je 1.000 Einwohner,Bildung,Bildung – Ausbildungsangebot,Education
q_svw,Beschäftigtenquote,834,1,99.88,2023,2023,SV Beschäftigte am Wohnort je 100 Einwohner im erwerbsfähigen Alter in %,Beschäftigung und Erwerbstätigkeit,Beschäftigung und Erwerbstätigkeit – Struktur,Labour market and employment
q_svw_f,Beschäftigtenquote Frauen,834,1,99.88,2023,2023,SV beschäftigte Frauen am Wohnort je 100 Frauen im erwerbsfähigen Alter in %,Beschäftigung und Erwerbstätigkeit,Beschäftigung und Erwerbstätigkeit – Struktur,Labour market and employment
q_svw_m,Beschäftigtenquote Männer,834,1,99.88,2023,2023,SV beschäftigte Männer am Wohnort je 100 Männer im erwerbsfähigen Alter in %,Beschäftigung und Erwerbstätigkeit,Beschäftigung und Erwerbstätigkeit – Struktur,Labour market and employment
q_svw_ü55,Quote ältere Beschäftigte,834,1,99.88,2018,2020,SV Beschäftigte am Wohnort im Alter von 55 bis unter 65 Jahren je 100 Einwohner dieser Altersgruppe in %,Beschäftigung und Erwerbstätigkeit,Beschäftigung und Erwerbstätigkeit – Struktur,Labour market and employment
q_umsst,Umsatzsteuer,834,1,99.88,2023,2023,Umsatzsteuer in € je Einwohner,Öffentliche Finanzen,(no sub-dimension),"Income, deprivation and social transfers"
q_unf_bev,Straßenverkehrsunfälle,834,1,99.88,2023,2023,Straßenverkehrsunfälle insgesamt je 100.000 Einwohner,Erreichbarkeit,Verkehr und Erreichbarkeit - Straßenverkehr,"Health, services and accessibility"
q_vunp_bev,Verunglückte im Straßenverkehr,834,1,99.88,2023,2023,Verunglückte im Straßenverkehr je 100.000 Einwohner,Erreichbarkeit,Verkehr und Erreichbarkeit - Straßenverkehr,"Health, services and accessibility"
q_vunpt_bev,Getötete im Straßenverkehr,834,1,99.88,2023,2023,Getötete im Straßenverkehr je 100.000 Einwohner,Erreichbarkeit,Verkehr und Erreichbarkeit - Straßenverkehr,"Health, services and accessibility"
q_ärzte_bev,Ärzte,834,1,99.88,2022,2022,Ärzte je 10.000 Einwohner,Medizinische Versorgung,(no sub-dimension),"Health, services and accessibility"
q_übern_bev,Gästeübernachtungen in Beherbergungsbetrieben,834,1,99.88,2021,2023,Gästeübernachtungen in Beherbergungsbetrieben je Einwohner,Wirtschaft,Wirtschaft – Fremdenverkehr,Economic structure and tourism
r_ewf_jungalt,Verhältnis junge zu alte Erwerbsfähige,834,1,99.88,2023,2023,Verhältnis junge (15-<20J) zu alte (60-<65J) Erwerbsfähige in %,Beschäftigung und Erwerbstätigkeit,Beschäftigung und Erwerbstätigkeit – Struktur,Labour market and employment
sva,Sozialversicherungspflichtig Beschäftigte am Arbeitsort,834,1,99.88,2022,2023,Zahl der sozialversicherungspflichtig Beschäftigten am Arbeitsort insgesamt,Absolutzahlen,(no sub-dimension),Basic population and structural counts
svw,Sozialversicherungspflichtig Beschäftigte am Wohnort,834,1,99.88,2023,2023,Zahl der sozialversicherungspflichtig Beschäftigten am Wohnort insgesamt,Absolutzahlen,(no sub-dimension),Basic population and structural counts
v_suvfl_vorjahr,Flächenneuinanspruchnahme,834,1,99.88,2023,2023,Änderung der Siedlungs- und Verkehrsfläche an der Gesamtfläche im Vergleich zum Vorjahr,Flächennutzung,(no sub-dimension),Housing and land-use context
xbev,Bevölkerung gesamt,834,1,99.88,2023,2023,Zahl der Einwohner insgesamt,Absolutzahlen,(no sub-dimension),Basic population and structural counts
xbevf,Bevölkerung weiblich,834,1,99.88,2023,2023,Zahl der weiblichen Einwohner,Absolutzahlen,(no sub-dimension),Basic population and structural counts
xbevm,Bevölkerung männlich,834,1,99.88,2023,2023,Zahl der männlichen Einwohner,Absolutzahlen,(no sub-dimension),Basic population and structural counts
a_gen_wo12,Baugenehmigungen für Wohnungen in Ein- und Zweifamilienhäusern,828,7,99.16,2004,2023,Anteil der Baugenehmigungen für neue Wohnungen in Gebäuden mit 1 und. 2 Wohnungen an den Baugenehmigungen in %,Bauen und Wohnen,Bauen und Wohnen - Baulandmarkt und Bautätigkeit,Housing and land-use context
a_gen_wo3um,Baugenehmigungen für Wohnungen in Mehrfamilienhäusern,828,7,99.16,2004,2023,Anteil der Baugenehmigungen für neue Wohnungen in Gebäuden mit 3 u. mehr Wohnungen an den Baugenehmigungen in %,Bauen und Wohnen,Bauen und Wohnen - Baulandmarkt und Bautätigkeit,Housing and land-use context
a_fert_wg12,Neue Ein- und Zweifamilienhäuser,827,8,99.04,2003,2023,Anteil neu errichteter Ein- und Zweifamilienhäuser an den neu errichteten Häusern in %,Bauen und Wohnen,Bauen und Wohnen - Baulandmarkt und Bautätigkeit,Housing and land-use context
a_ALGII_SGBII,ALG II-Leistungen an SGBII,825,10,98.8,2021,2022,Anteil Arbeitslosengeld II an SGBII-Leistungen in %,Sozialleistungen,Sozialleistungen - Transferleistungen,"Income, deprivation and social transfers"
a_Unterkunft_SGBII,Leistungen für Unterkunft an SGBII,825,10,98.8,2021,2022,Anteil Leistungen für Unterkunft an SGBII-Leistungen in %,Sozialleistungen,Sozialleistungen - Transferleistungen,"Income, deprivation and social transfers"
a_ewfBG,Erwerbsfähige Leistungsberechtigte,823,12,98.56,2021,2022,Anteil der erwerbsfähigen SGBII- Leistungsberechtigten an den Personen an den Bedarfsgemeinschaften in %,Sozialleistungen,Sozialleistungen – Bedarfsgemeinschaften,"Income, deprivation and social transfers"
a_ewfBG_55um_,Ältere erwerbsfähige Leistungsberechtigte,823,12,98.56,2021,2022,Anteil der erwerbsfähigen Leistungsberechtigten über 55 Jahren an den erwerbsfähigen SGBII-Leistungsberechtigten in %,Sozialleistungen,Sozialleistungen – Bedarfsgemeinschaften,"Income, deprivation and social transfers"
a_ewfBG_allein,Alleinerziehende erwerbsfähige Leistungsberechtigte,823,12,98.56,2021,2022,Anteil der alleinerziehenden erwerbsfähigen SGBII-Leistungsberechtigten an den erwerbsfähigen  SGBII-Leistungsberechtigten in %,Sozialleistungen,Sozialleistungen – Bedarfsgemeinschaften,"Income, deprivation and social transfers"
a_ewfBG_f,Erwerbsfähige Leistungsberechtigte (Frauen),823,12,98.56,2021,2022,Anteil der weiblichen erwerbsfähigen SGBII-Leistungsberechtigten an den erwerbsfähigen SGBII-Leistungsberechtigten in %,Sozialleistungen,Sozialleistungen – Bedarfsgemeinschaften,"Income, deprivation and social transfers"
a_ewfBG_u25_,Junge erwerbsfähige Leistungsberechtigte,823,12,98.56,2021,2022,Anteil der erwerbsfähigen Leistungsberechtigten unter 25 Jahren an den erwerbsfähigen SGBII-Leistungsberechtigten in %,Sozialleistungen,Sozialleistungen – Bedarfsgemeinschaften,"Income, deprivation and social transfers"
a_BG1P,Einpersonen-Bedarfsgemeinschaften,822,13,98.44,2021,2022,Anteil der Bedarfsgemeinschaften mit 1 Person an den Bedarfsgemeinschaften insgesamt in %,Sozialleistungen,Sozialleistungen – Bedarfsgemeinschaften,"Income, deprivation and social transfers"
a_BG5um,Große Bedarfsgemeinschaften,822,13,98.44,2021,2022,Anteil der Bedarfsgemeinschaften mit 5 und mehr Personen an den Bedarfsgemeinschaften insgesamt in %,Sozialleistungen,Sozialleistungen – Bedarfsgemeinschaften,"Income, deprivation and social transfers"
a_BGKind,Bedarfsgemeinschaften mit Kindern,822,13,98.44,2021,2022,Anteil der Bedarfsgemeinschaften mit Kindern an den Bedarfsgemeinschaften insgesamt in %,Sozialleistungen,Sozialleistungen – Bedarfsgemeinschaften,"Income, deprivation and social transfers"
a_fert_wo12,Neubauwohnungen in Ein- und Zweifamilienhäusern,818,17,97.96,2015,2023,Anteil neuer Wohnungen in Ein- und Zweifamilienhäusern an den neuen Wohnungen in %,Bauen und Wohnen,Bauen und Wohnen - Baulandmarkt und Bautätigkeit,Housing and land-use context
m_übern,Verweildauer in Beherbergungsbetrieben,373,462,44.67,2009,2023,Durchschnittliche Zahl der Übernachtungen in Beherbergungsbetrieben,Wirtschaft,Wirtschaft – Fremdenverkehr,Economic structure and tourism
q_sach,Ausgaben für Sachinvestitionen,251,584,30.06,2019,2020,Ausgaben für Sachinvestitionen in € je Einwohner,Öffentliche Finanzen,(no sub-dimension),"Income, deprivation and social transfers"
q_investZ,Zuweisungen für Investitionsfördermaßnahmen,248,587,29.7,2019,2020,Zuweisungen für Investitionsfördermaßnahmen in € je Einwohner,Öffentliche Finanzen,(no sub-dimension),"Income, deprivation and social transfers"
q_schlüsselzuw,Schlüsselzuweisungen,245,590,29.34,2020,2020,Schlüsselzuweisungen in € je Einwohner,Öffentliche Finanzen,(no sub-dimension),"Income, deprivation and social transfers"
a_stud_1,Studierende im 1. Semester,33,802,3.95,2023,2023,Studierende im 1. Semester an den Studierenden in %,Bildung,Bildung – Ausbildungsangebot,Education
a_stud_a,Ausländische Studierende,33,802,3.95,2023,2023,Anteil der Ausländer an den Studierenden in %,Bildung,Bildung – Ausbildungsangebot,Education
a_stud_m,Männliche Studierende,33,802,3.95,2023,2023,Anteil der Männer an den Studierenden in %,Bildung,Bildung – Ausbildungsangebot,Education
a_stud_w,Weibliche Studierende,33,802,3.95,2023,2023,Anteil der Frauen an den Studierenden in %,Bildung,Bildung – Ausbildungsangebot,Education
